

INSERT INTO tb_pacientes (paciente_id, bairro, cep, cidade, cpf, data_alteracao, data_criacao, dtnascimento, email, logradouro, medicacao_continua, nome, numero, observacao, sexo, telefone1, telefone2, uf) VALUES
('07fe9c43-1cee-4d54-b5ee-a510b42ff6a2', 'Centro', '12345678', 'São Carlos', '12345678909', '2025-02-06 08:25:00', '2025-02-06 08:25:00', '1990-01-01', 'paciente1@example.com', 'Rua Exemplo 1', 'Sim', 'João Silva', '123', 'Nenhuma observação', 'MASCULINO', '(16) 1234-5678', '(16) 9876-5432', 'SP'),
('08a80da2-8c1e-4fb7-8a01-266b6a5ff81b', 'Centro', '12345678', 'São Carlos', '23456789012', '2025-02-06 08:25:00', '2025-02-06 08:25:00', '1990-01-02', 'paciente2@example.com', 'Rua Exemplo 2', 'Não', 'Maria Oliveira', '124', 'Nenhuma observação', 'FEMININO', '(16) 1234-5679', '(16) 9876-5433', 'SP'),
('0c7b3841-bcaf-4399-8593-881489058df2', 'Centro', '12345678', 'São Carlos', '34567890123', '2025-02-06 08:25:00', '2025-02-06 08:25:00', '1990-01-03', 'paciente3@example.com', 'Rua Exemplo 3', 'Sim', 'Carlos Souza', '125', 'Nenhuma observação', 'MASCULINO', '(16) 1234-5680', '(16) 9876-5434', 'SP'),
('148fd6ee-3b83-4656-aae1-326549224b75', 'Centro', '12345678', 'São Carlos', '45678901234', '2025-02-06 08:25:00', '2025-02-06 08:25:00', '1990-01-04', 'paciente4@example.com', 'Rua Exemplo 4', 'Não', 'Ana Lima', '126', 'Nenhuma observação', 'FEMININO', '(16) 1234-5681', '(16) 9876-5435', 'SP'),
('1731724b-0d3b-452e-bcf2-9f52717ffdb0', 'Centro', '12345678', 'São Carlos', '56789012345', '2025-02-06 08:25:00', '2025-02-06 08:25:00', '1990-01-05', 'paciente5@example.com', 'Rua Exemplo 5', 'Sim', 'Pedro Santos', '127', 'Nenhuma observação', 'MASCULINO', '(16) 1234-5682', '(16) 9876-5436', 'SP'),
('193a5903-3f57-4c05-ac90-56006d3578b2', 'Centro', '12345678', 'São Carlos', '67890123456', '2025-02-06 08:25:00', '2025-02-06 08:25:00', '1990-01-06', 'paciente6@example.com', 'Rua Exemplo 6', 'Não', 'Juliana Costa', '128', 'Nenhuma observação', 'FEMININO', '(16) 1234-5683', '(16) 9876-5437', 'SP'),
('1b3021cf-2602-4737-a6c3-fd520621435d', 'Centro', '12345678', 'São Carlos', '78901234567', '2025-02-06 08:25:00', '2025-02-06 08:25:00', '1990-01-07', 'paciente7@example.com', 'Rua Exemplo 7', 'Sim', 'Lucas Ferreira', '129', 'Nenhuma observação', 'MASCULINO', '(16) 1234-5684', '(16) 9876-5438', 'SP'),
('1c8dd7f6-4d12-41d0-a24b-5617aaad00f8', 'Centro', '12345678', 'São Carlos', '89012345678', '2025-02-06 08:25:00', '2025-02-06 08:25:00', '1990-01-08', 'paciente8@example.com', 'Rua Exemplo 8', 'Não', 'Fernanda Almeida', '130', 'Nenhuma observação', 'FEMININO', '(16) 1234-5685', '(16) 9876-5439', 'SP'),
('2d5a0d0f-41d1-41cf-a1f5-d8c82f49a2d0', 'Centro', '12345678', 'São Carlos', '90123456789', '2025-02-06 08:25:00', '2025-02-06 08:25:00', '1990-01-09', 'paciente9@example.com', 'Rua Exemplo 9', 'Sim', 'Mariana Sousa', '131', 'Nenhuma observação', 'FEMININO', '(16) 1234-5686', '(16) 9876-5440', 'SP'),
('3e8d9f3b-0c6f-4a8a-a1a9-1d34a7f7f8a0', 'Centro', '12345678', 'São Carlos', '01234567890', '2025-02-06 08:25:00', '2025-02-06 08:25:00', '1990-01-10', 'paciente10@example.com', 'Rua Exemplo 10', 'Não', 'Renato Pereira', '132', 'Nenhuma observação', 'MASCULINO', '(16) 1234-5687', '(16) 9876-5441', 'SP');


INSERT INTO tb_profissionais (profissional_id, crm, data_alteracao, data_criacao, email, especialidade, nome, status_operacional, telefone) VALUES('1ce2f7ec-51d4-4180-a05f-dce0b4f89a21', 'CRM1234', '2025-02-06 08:30:00', '2025-02-06 08:30:00', 'profissional1@example.com', 'CARDIOLOGISTA', 'Dr. João Silva', 'ATIVO', '(16) 1234-5678');
INSERT INTO tb_profissionais (profissional_id, crm, data_alteracao, data_criacao, email, especialidade, nome, status_operacional, telefone) VALUES('1fec5206-51d0-435a-a20a-30ab0c9eb3df', 'CRM1235', '2025-02-06 08:30:00', '2025-02-06 08:30:00', 'profissional2@example.com', 'CARDIOLOGISTA', 'Dr. Maria Oliveira', 'ATIVO', '(16) 1234-5679');
INSERT INTO tb_profissionais (profissional_id, crm, data_alteracao, data_criacao, email, especialidade, nome, status_operacional, telefone) VALUES('23f99fb0-45ea-468a-a5da-0ed1c483c639', 'CRM1236', '2025-02-06 08:30:00', '2025-02-06 08:30:00', 'profissional3@example.com', 'PEDIATRA', 'Dr. Carlos Souza', 'ATIVO', '(16) 1234-5680');
INSERT INTO tb_profissionais (profissional_id, crm, data_alteracao, data_criacao, email, especialidade, nome, status_operacional, telefone) VALUES('275d231d-fe85-420d-b998-ad270547e7e2', 'CRM1237', '2025-02-06 08:30:00', '2025-02-06 08:30:00', 'profissional4@example.com', 'PEDIATRA', 'Dr. Ana Lima', 'ATIVO', '(16) 1234-5681');
INSERT INTO tb_profissionais (profissional_id, crm, data_alteracao, data_criacao, email, especialidade, nome, status_operacional, telefone) VALUES('39db1399-c632-403e-a753-752b89660100', 'CRM1238', '2025-02-06 08:30:00', '2025-02-06 08:30:00', 'profissional5@example.com', 'CLINICO', 'Dr. Pedro Santos', 'ATIVO', '(16) 1234-5682');
INSERT INTO tb_profissionais (profissional_id, crm, data_alteracao, data_criacao, email, especialidade, nome, status_operacional, telefone) VALUES('50587b7d-3ce1-4062-8413-0a2237e0c0cc', 'CRM1239', '2025-02-06 08:30:00', '2025-02-06 08:30:00', 'profissional6@example.com', 'CLINICO', 'Dr. Juliana Costa', 'ATIVO', '(16) 1234-5683');
INSERT INTO tb_profissionais (profissional_id, crm, data_alteracao, data_criacao, email, especialidade, nome, status_operacional, telefone) VALUES('505f49f7-2762-4d51-a4be-6a944c28d652', 'CRM1240', '2025-02-06 08:30:00', '2025-02-06 08:30:00', 'profissional7@example.com', 'GINECOLOGISTA', 'Dr. Lucas Ferreira', 'ATIVO', '(16) 1234-5684');
INSERT INTO tb_profissionais (profissional_id, crm, data_alteracao, data_criacao, email, especialidade, nome, status_operacional, telefone) VALUES('56b64aff-a332-4c13-aea8-f970d37390ce', 'CRM1241', '2025-02-06 08:30:00', '2025-02-06 08:30:00', 'profissional8@example.com', 'GINECOLOGISTA', 'Dr. Fernanda Almeida', 'ATIVO', '(16) 1234-5685');
INSERT INTO tb_profissionais (profissional_id, crm, data_alteracao, data_criacao, email, especialidade, nome, status_operacional, telefone) VALUES('5882ca3d-6bed-4f3b-b338-e7c0a0f80098', 'CRM1242', '2025-02-06 08:30:00', '2025-02-06 08:30:00', 'profissional9@example.com', 'ORTOPEDISTA', 'Dr. Mariana Sousa', 'ATIVO', '(16) 1234-5686');
INSERT INTO tb_profissionais (profissional_id, crm, data_alteracao, data_criacao, email, especialidade, nome, status_operacional, telefone) VALUES('58b4e98d-13af-44e8-9357-f3301f17eef6', '', '2025-02-06 08:30:00', '2025-02-06 08:30:00', 'profissional10@example.com', 'ENFERMAGEM', 'Renata', 'ATIVO', '(16) 1234-5687');



INSERT INTO TB_TRIAGENS (TRIAGEM_ID, COR_PROTOCOLO, DATA_ALTERACAO, DATA_CRIACAO, SEVERIDADE, SINTOMAS,PROFISSIONAL_PROFISSIONAL_ID,PACIENTE_PACIENTE_ID, enfermagem_id ) VALUES('63046cd8-b915-4204-82ed-5856f6802180', 'VERMELHO', '2025-02-06 08:35:00', '2025-02-06 08:35:00', 'EMERGENCIA', 'DOR INTENSA', '1ce2f7ec-51d4-4180-a05f-dce0b4f89a21', '07fe9c43-1cee-4d54-b5ee-a510b42ff6a2','58b4e98d-13af-44e8-9357-f3301f17eef6');
INSERT INTO TB_TRIAGENS (TRIAGEM_ID, COR_PROTOCOLO, DATA_ALTERACAO, DATA_CRIACAO, SEVERIDADE, SINTOMAS,PROFISSIONAL_PROFISSIONAL_ID,PACIENTE_PACIENTE_ID, enfermagem_id ) VALUES('6638c1b8-6f45-4e5f-bd79-fe1dd383d4d0', 'AMARELA', '2025-02-06 08:35:00', '2025-02-06 08:35:00', 'MUITO_URGENTE', 'FEBRE E TOSSE', '1fec5206-51d0-435a-a20a-30ab0c9eb3df', '08a80da2-8c1e-4fb7-8a01-266b6a5ff81b','58b4e98d-13af-44e8-9357-f3301f17eef6');
INSERT INTO TB_TRIAGENS (TRIAGEM_ID, COR_PROTOCOLO, DATA_ALTERACAO, DATA_CRIACAO, SEVERIDADE, SINTOMAS,PROFISSIONAL_PROFISSIONAL_ID,PACIENTE_PACIENTE_ID, enfermagem_id ) VALUES('6d00cc6c-d251-430e-b4c9-f79e1dd04ed3', 'VERDE', '2025-02-06 08:35:00', '2025-02-06 08:35:00', 'POUCO_URGENTE', 'DOR LEVE', '23f99fb0-45ea-468a-a5da-0ed1c483c639', '0c7b3841-bcaf-4399-8593-881489058df2','58b4e98d-13af-44e8-9357-f3301f17eef6');
INSERT INTO TB_TRIAGENS (TRIAGEM_ID, COR_PROTOCOLO, DATA_ALTERACAO, DATA_CRIACAO, SEVERIDADE, SINTOMAS,PROFISSIONAL_PROFISSIONAL_ID,PACIENTE_PACIENTE_ID, enfermagem_id ) VALUES('6f46c9b8-7cb8-479a-8edb-9215dee1fa7c', 'AZUL', '2025-02-06 08:35:00', '2025-02-06 08:35:00', 'POUCO_URGENTE', 'RESFRIADO', '275d231d-fe85-420d-b998-ad270547e7e2', '148fd6ee-3b83-4656-aae1-326549224b75','58b4e98d-13af-44e8-9357-f3301f17eef6');
INSERT INTO TB_TRIAGENS (TRIAGEM_ID, COR_PROTOCOLO, DATA_ALTERACAO, DATA_CRIACAO, SEVERIDADE, SINTOMAS,PROFISSIONAL_PROFISSIONAL_ID,PACIENTE_PACIENTE_ID, enfermagem_id ) VALUES('775714d5-fd55-4c32-b08c-973e10c6680d', 'VERMELHO', '2025-02-06 08:35:00', '2025-02-06 08:35:00', 'URGENTE', 'DOR INTENSA', '39db1399-c632-403e-a753-752b89660100', '1731724b-0d3b-452e-bcf2-9f52717ffdb0','58b4e98d-13af-44e8-9357-f3301f17eef6');
INSERT INTO TB_TRIAGENS (TRIAGEM_ID, COR_PROTOCOLO, DATA_ALTERACAO, DATA_CRIACAO, SEVERIDADE, SINTOMAS,PROFISSIONAL_PROFISSIONAL_ID,PACIENTE_PACIENTE_ID, enfermagem_id ) VALUES('7b9a2cc7-caba-4bb4-a599-d2e83d167374', 'AMARELA', '2025-02-06 08:35:00', '2025-02-06 08:35:00', 'MUITO_URGENTE', 'FEBRE E TOSSE', '50587b7d-3ce1-4062-8413-0a2237e0c0cc', '193a5903-3f57-4c05-ac90-56006d3578b2','58b4e98d-13af-44e8-9357-f3301f17eef6');
INSERT INTO TB_TRIAGENS (TRIAGEM_ID, COR_PROTOCOLO, DATA_ALTERACAO, DATA_CRIACAO, SEVERIDADE, SINTOMAS,PROFISSIONAL_PROFISSIONAL_ID,PACIENTE_PACIENTE_ID, enfermagem_id ) VALUES('868efb7e-b6d9-4e29-8096-64182925ace2', 'VERDE', '2025-02-06 08:35:00', '2025-02-06 08:35:00', 'NAO_URGENTE', 'DOR LEVE', '505f49f7-2762-4d51-a4be-6a944c28d652', '1b3021cf-2602-4737-a6c3-fd520621435d','58b4e98d-13af-44e8-9357-f3301f17eef6');
INSERT INTO TB_TRIAGENS (TRIAGEM_ID, COR_PROTOCOLO, DATA_ALTERACAO, DATA_CRIACAO, SEVERIDADE, SINTOMAS,PROFISSIONAL_PROFISSIONAL_ID,PACIENTE_PACIENTE_ID, enfermagem_id ) VALUES('894414c2-42b7-43d5-bf23-868f17366acd', 'AZUL', '2025-02-06 08:35:00', '2025-02-06 08:35:00', 'URGENTE', 'RESFRIADO', '56b64aff-a332-4c13-aea8-f970d37390ce', '1c8dd7f6-4d12-41d0-a24b-5617aaad00f8','58b4e98d-13af-44e8-9357-f3301f17eef6');
INSERT INTO TB_TRIAGENS (TRIAGEM_ID, COR_PROTOCOLO, DATA_ALTERACAO, DATA_CRIACAO, SEVERIDADE, SINTOMAS,PROFISSIONAL_PROFISSIONAL_ID,PACIENTE_PACIENTE_ID, enfermagem_id ) VALUES('98c8cfe3-558e-4c22-a712-306129de2ac2', 'VERMELHO', '2025-02-06 08:35:00', '2025-02-06 08:35:00', 'URGENTE', 'DOR INTENSA', '5882ca3d-6bed-4f3b-b338-e7c0a0f80098', '2d5a0d0f-41d1-41cf-a1f5-d8c82f49a2d0','58b4e98d-13af-44e8-9357-f3301f17eef6');
INSERT INTO TB_TRIAGENS (TRIAGEM_ID, COR_PROTOCOLO, DATA_ALTERACAO, DATA_CRIACAO, SEVERIDADE, SINTOMAS,PROFISSIONAL_PROFISSIONAL_ID,PACIENTE_PACIENTE_ID, enfermagem_id ) VALUES('a1f1a6ba-fd49-4c9b-adaa-b4b638dd9ca4', 'AMARELA', '2025-02-06 08:35:00', '2025-02-06 08:35:00', 'NAO_URGENTE', 'FEBRE E TOSSE', '58b4e98d-13af-44e8-9357-f3301f17eef6', '3e8d9f3b-0c6f-4a8a-a1a9-1d34a7f7f8a0','58b4e98d-13af-44e8-9357-f3301f17eef6');


INSERT INTO TB_RESULTCLINICOS (RESULTADO_ID, DATA_ALTERACAO, DATA_CRIACAO, DESFECHO, DIAGNOSTICO, TRATAMENTO, PROFISSIONAL_PROFISSIONAL_ID, TRIAGEM_TRIAGEM_ID) VALUES
('a2d45f22-185e-4bf7-a572-26f8716e079f', '2025-02-06 08:40:00', '2025-02-06 08:40:00', 'RECUPERADO', 'GRIPE', 'REPOUSO E HIDRATAÇÃO', '1ce2f7ec-51d4-4180-a05f-dce0b4f89a21', '63046cd8-b915-4204-82ed-5856f6802180');
INSERT INTO TB_RESULTCLINICOS (RESULTADO_ID, DATA_ALTERACAO, DATA_CRIACAO, DESFECHO, DIAGNOSTICO, TRATAMENTO, PROFISSIONAL_PROFISSIONAL_ID, TRIAGEM_TRIAGEM_ID) VALUES
('a675ba08-01d7-496c-867a-3936a439fd26', '2025-02-06 08:40:00', '2025-02-06 08:40:00', 'EM TRATAMENTO', 'PNEUMONIA', 'ANTIBIÓTICOS', '1fec5206-51d0-435a-a20a-30ab0c9eb3df', '6638c1b8-6f45-4e5f-bd79-fe1dd383d4d0');
INSERT INTO TB_RESULTCLINICOS (RESULTADO_ID, DATA_ALTERACAO, DATA_CRIACAO, DESFECHO, DIAGNOSTICO, TRATAMENTO, PROFISSIONAL_PROFISSIONAL_ID, TRIAGEM_TRIAGEM_ID) VALUES
('a89efafb-41bc-4a21-95cc-04853a8105c7', '2025-02-06 08:40:00', '2025-02-06 08:40:00', 'RECUPERADO', 'MIGRANIA', 'ANALGÉSICOS', '23f99fb0-45ea-468a-a5da-0ed1c483c639', '6d00cc6c-d251-430e-b4c9-f79e1dd04ed3');
INSERT INTO TB_RESULTCLINICOS (RESULTADO_ID, DATA_ALTERACAO, DATA_CRIACAO, DESFECHO, DIAGNOSTICO, TRATAMENTO, PROFISSIONAL_PROFISSIONAL_ID, TRIAGEM_TRIAGEM_ID) VALUES
('abaafc7d-1e8b-4460-8547-0e645fdf1f2e', '2025-02-06 08:40:00', '2025-02-06 08:40:00', 'EM TRATAMENTO', 'INFECÇÃO URINÁRIA', 'ANTIBIÓTICOS', '275d231d-fe85-420d-b998-ad270547e7e2', '6f46c9b8-7cb8-479a-8edb-9215dee1fa7c');
INSERT INTO TB_RESULTCLINICOS (RESULTADO_ID, DATA_ALTERACAO, DATA_CRIACAO, DESFECHO, DIAGNOSTICO, TRATAMENTO, PROFISSIONAL_PROFISSIONAL_ID, TRIAGEM_TRIAGEM_ID) VALUES
('b42d1a7b-69bd-416e-badd-2a2b3ab3f15c', '2025-02-06 08:40:00', '2025-02-06 08:40:00', 'RECUPERADO', 'DENGUE', 'HIDRATAÇÃO E REPOUSO', '39db1399-c632-403e-a753-752b89660100', '775714d5-fd55-4c32-b08c-973e10c6680d');
INSERT INTO TB_RESULTCLINICOS (RESULTADO_ID, DATA_ALTERACAO, DATA_CRIACAO, DESFECHO, DIAGNOSTICO, TRATAMENTO, PROFISSIONAL_PROFISSIONAL_ID, TRIAGEM_TRIAGEM_ID) VALUES
('c3c4a509-6075-4738-a52f-0d27e533284a', '2025-02-06 08:40:00', '2025-02-06 08:40:00', 'EM TRATAMENTO', 'SINUSITE', 'DESCONGESTIONANTES', '50587b7d-3ce1-4062-8413-0a2237e0c0cc', '7b9a2cc7-caba-4bb4-a599-d2e83d167374');
INSERT INTO TB_RESULTCLINICOS (RESULTADO_ID, DATA_ALTERACAO, DATA_CRIACAO, DESFECHO, DIAGNOSTICO, TRATAMENTO, PROFISSIONAL_PROFISSIONAL_ID, TRIAGEM_TRIAGEM_ID) VALUES
('c7858fe7-eaf2-4479-a283-9e033893b059', '2025-02-06 08:40:00', '2025-02-06 08:40:00', 'RECUPERADO', 'ALERGIA', 'ANTI-HISTAMÍNICOS', '505f49f7-2762-4d51-a4be-6a944c28d652', '868efb7e-b6d9-4e29-8096-64182925ace2');
INSERT INTO TB_RESULTCLINICOS (RESULTADO_ID, DATA_ALTERACAO, DATA_CRIACAO, DESFECHO, DIAGNOSTICO, TRATAMENTO, PROFISSIONAL_PROFISSIONAL_ID, TRIAGEM_TRIAGEM_ID) VALUES
('c844e636-364d-4754-9ef4-586adae4fcf8', '2025-02-06 08:40:00', '2025-02-06 08:40:00', 'EM TRATAMENTO', 'GASTRITE', 'ANTIÁCIDOS', '56b64aff-a332-4c13-aea8-f970d37390ce', '894414c2-42b7-43d5-bf23-868f17366acd');
INSERT INTO TB_RESULTCLINICOS (RESULTADO_ID, DATA_ALTERACAO, DATA_CRIACAO, DESFECHO, DIAGNOSTICO, TRATAMENTO, PROFISSIONAL_PROFISSIONAL_ID, TRIAGEM_TRIAGEM_ID) VALUES
('cb24b7b0-715f-43a2-aea9-985877cbd348', '2025-02-06 08:40:00', '2025-02-06 08:40:00', 'RECUPERADO', 'OTITE', 'ANALGÉSICOS E ANTIBIÓTICOS', '5882ca3d-6bed-4f3b-b338-e7c0a0f80098', '98c8cfe3-558e-4c22-a712-306129de2ac2');
INSERT INTO TB_RESULTCLINICOS (RESULTADO_ID, DATA_ALTERACAO, DATA_CRIACAO, DESFECHO, DIAGNOSTICO, TRATAMENTO, PROFISSIONAL_PROFISSIONAL_ID, TRIAGEM_TRIAGEM_ID) VALUES
('d76dfd48-f4f7-453f-b68c-d3f436fbc7a1', '2025-02-06 08:40:00', '2025-02-06 08:40:00', 'EM TRATAMENTO', 'BRONQUITE', 'BRONCODILATADORES', '58b4e98d-13af-44e8-9357-f3301f17eef6', 'a1f1a6ba-fd49-4c9b-adaa-b4b638dd9ca4');


INSERT INTO TB_FEEDBACKPACIENTES (FEEDBACKPACIENTE_ID, AVALIACAO, COMENTARIO, DATA_ALTERACAO, DATA_CRIACAO, PACIENTE_PACIENTE_ID, TRIAGEM_TRIAGEM_ID) VALUES
('dce3389f-6b4b-410e-bbfb-4ffb8e610a5b', 5, 'ÓTIMO ATENDIMENTO', '2025-02-06 08:45:00', '2025-02-06 08:35:00', '07fe9c43-1cee-4d54-b5ee-a510b42ff6a2', '63046cd8-b915-4204-82ed-5856f6802180');
INSERT INTO TB_FEEDBACKPACIENTES (FEEDBACKPACIENTE_ID, AVALIACAO, COMENTARIO, DATA_ALTERACAO, DATA_CRIACAO, PACIENTE_PACIENTE_ID, TRIAGEM_TRIAGEM_ID) VALUES
('dee8f25f-4de6-4be2-a784-aa8c5168e741', 4, 'BOM ATENDIMENTO', '2025-02-06 08:35:00', '2025-02-06 08:45:00', '08a80da2-8c1e-4fb7-8a01-266b6a5ff81b', '6638c1b8-6f45-4e5f-bd79-fe1dd383d4d0');
INSERT INTO TB_FEEDBACKPACIENTES (FEEDBACKPACIENTE_ID, AVALIACAO, COMENTARIO, DATA_ALTERACAO, DATA_CRIACAO, PACIENTE_PACIENTE_ID, TRIAGEM_TRIAGEM_ID) VALUES
('eadbeb4c-ad8a-4eaf-a8de-44087d370e00', 3, 'ATENDIMENTO SATISFATÓRIO', '2025-02-06 08:45:00', '2025-02-06 08:35:00', '0c7b3841-bcaf-4399-8593-881489058df2', '6d00cc6c-d251-430e-b4c9-f79e1dd04ed3');
INSERT INTO TB_FEEDBACKPACIENTES (FEEDBACKPACIENTE_ID, AVALIACAO, COMENTARIO, DATA_ALTERACAO, DATA_CRIACAO, PACIENTE_PACIENTE_ID, TRIAGEM_TRIAGEM_ID) VALUES
('eb9b46e4-a5d2-4bd4-8907-d47e4ccf85b4', 2, 'ATENDIMENTO REGULAR', '2025-02-06 08:35:00', '2025-02-06 08:45:00', '148fd6ee-3b83-4656-aae1-326549224b75', '6f46c9b8-7cb8-479a-8edb-9215dee1fa7c');
INSERT INTO TB_FEEDBACKPACIENTES (FEEDBACKPACIENTE_ID, AVALIACAO, COMENTARIO, DATA_ALTERACAO, DATA_CRIACAO, PACIENTE_PACIENTE_ID, TRIAGEM_TRIAGEM_ID) VALUES
('edf05da5-506d-43f1-9af1-7d932535a305', 1, 'ATENDIMENTO INSATISFATÓRIO', '2025-02-06 08:45:00', '2025-02-06 08:35:00', '1731724b-0d3b-452e-bcf2-9f52717ffdb0', '775714d5-fd55-4c32-b08c-973e10c6680d');
INSERT INTO TB_FEEDBACKPACIENTES (FEEDBACKPACIENTE_ID, AVALIACAO, COMENTARIO, DATA_ALTERACAO, DATA_CRIACAO, PACIENTE_PACIENTE_ID, TRIAGEM_TRIAGEM_ID) VALUES
('f4a3afe6-efc2-4772-b7c7-7ee39d571783', 5, 'ÓTIMO ATENDIMENTO', '2025-02-06 08:35:00', '2025-02-06 08:45:00', '193a5903-3f57-4c05-ac90-56006d3578b2', '7b9a2cc7-caba-4bb4-a599-d2e83d167374');
INSERT INTO TB_FEEDBACKPACIENTES (FEEDBACKPACIENTE_ID, AVALIACAO, COMENTARIO, DATA_ALTERACAO, DATA_CRIACAO, PACIENTE_PACIENTE_ID, TRIAGEM_TRIAGEM_ID) VALUES
('f94086a6-d2ff-4225-9cbd-dfe004a200d7', 4, 'BOM ATENDIMENTO', '2025-02-06 08:45:00', '2025-02-06 08:35:00', '1b3021cf-2602-4737-a6c3-fd520621435d', '868efb7e-b6d9-4e29-8096-64182925ace2');
INSERT INTO TB_FEEDBACKPACIENTES (FEEDBACKPACIENTE_ID, AVALIACAO, COMENTARIO, DATA_ALTERACAO, DATA_CRIACAO, PACIENTE_PACIENTE_ID, TRIAGEM_TRIAGEM_ID) VALUES
('f9f36c51-ec50-47a0-9397-e2125d1a4a9e', 3, 'ATENDIMENTO SATISFATÓRIO', '2025-02-06 08:35:00', '2025-02-06 08:45:00', '1c8dd7f6-4d12-41d0-a24b-5617aaad00f8', '894414c2-42b7-43d5-bf23-868f17366acd');
INSERT INTO TB_FEEDBACKPACIENTES (FEEDBACKPACIENTE_ID, AVALIACAO, COMENTARIO, DATA_ALTERACAO, DATA_CRIACAO, PACIENTE_PACIENTE_ID, TRIAGEM_TRIAGEM_ID) VALUES
('fa04273d-8b1b-4f92-bcab-8dd4be61eb8d', 2, 'ATENDIMENTO REGULAR', '2025-02-06 08:45:00', '2025-02-06 08:35:00', '2d5a0d0f-41d1-41cf-a1f5-d8c82f49a2d0', '98c8cfe3-558e-4c22-a712-306129de2ac2');
INSERT INTO TB_FEEDBACKPACIENTES (FEEDBACKPACIENTE_ID, AVALIACAO, COMENTARIO, DATA_ALTERACAO, DATA_CRIACAO, PACIENTE_PACIENTE_ID, TRIAGEM_TRIAGEM_ID) VALUES
('fe869ef2-9c07-468a-95cf-0470bfc0d9b2', 1, 'ATENDIMENTO INSATISFATÓRIO', '2025-02-06 08:35:00', '2025-02-06 08:45:00', '3e8d9f3b-0c6f-4a8a-a1a9-1d34a7f7f8a0', 'a1f1a6ba-fd49-4c9b-adaa-b4b638dd9ca4');

INSERT INTO TB_FEEDBACKPROFISSIONAL (FEEDBACKPROFISSIONAL_ID, AVALIACAOEFICACIA, AVALIACAOSEVERIDADE, COMENTARIO, DATA_ALTERACAO, DATA_CRIACAO, PROFISSIONAL_PROFISSIONAL_ID, TRIAGEM_TRIAGEM_ID) VALUES('83EFF913-BEDD-4D4C-8E36-9AF9AFA99D85', 4, 3, 'COMENTARIO EXEMPLO 1', '2025-02-05', '2025-02-05', '1CE2F7EC-51D4-4180-A05F-DCE0B4F89A21', '63046CD8-B915-4204-82ED-5856F6802180');
INSERT INTO TB_FEEDBACKPROFISSIONAL (FEEDBACKPROFISSIONAL_ID, AVALIACAOEFICACIA, AVALIACAOSEVERIDADE, COMENTARIO, DATA_ALTERACAO, DATA_CRIACAO, PROFISSIONAL_PROFISSIONAL_ID, TRIAGEM_TRIAGEM_ID) VALUES('E71D508C-F6C8-4E8F-987F-FC27A9D3D608', 2, 5, 'COMENTARIO EXEMPLO 2', '2025-02-06', '2025-02-06', '1FEC5206-51D0-435A-A20A-30AB0C9EB3DF', '6638C1B8-6F45-4E5F-BD79-FE1DD383D4D0');
INSERT INTO TB_FEEDBACKPROFISSIONAL (FEEDBACKPROFISSIONAL_ID, AVALIACAOEFICACIA, AVALIACAOSEVERIDADE, COMENTARIO, DATA_ALTERACAO, DATA_CRIACAO, PROFISSIONAL_PROFISSIONAL_ID, TRIAGEM_TRIAGEM_ID) VALUES('5AE1B735-1EF1-4E5F-BDDE-7951F450DBF2', 3, 1, 'COMENTARIO EXEMPLO 3', '2025-02-07', '2025-02-07', '23F99FB0-45EA-468A-A5DA-0ED1C483C639', '6D00CC6C-D251-430E-B4C9-F79E1DD04ED3');
INSERT INTO TB_FEEDBACKPROFISSIONAL (FEEDBACKPROFISSIONAL_ID, AVALIACAOEFICACIA, AVALIACAOSEVERIDADE, COMENTARIO, DATA_ALTERACAO, DATA_CRIACAO, PROFISSIONAL_PROFISSIONAL_ID, TRIAGEM_TRIAGEM_ID) VALUES('AAB864E6-B785-4615-8EC3-7B81F05872BD', 5, 4, 'COMENTARIO EXEMPLO 4', '2025-02-08', '2025-02-08', '275D231D-FE85-420D-B998-AD270547E7E2', '6F46C9B8-7CB8-479A-8EDB-9215DEE1FA7C');
INSERT INTO TB_FEEDBACKPROFISSIONAL (FEEDBACKPROFISSIONAL_ID, AVALIACAOEFICACIA, AVALIACAOSEVERIDADE, COMENTARIO, DATA_ALTERACAO, DATA_CRIACAO, PROFISSIONAL_PROFISSIONAL_ID, TRIAGEM_TRIAGEM_ID) VALUES('8DF6B836-37CD-4B24-95C3-37158510D457', 1, 2, 'COMENTARIO EXEMPLO 5', '2025-02-09', '2025-02-09', '39DB1399-C632-403E-A753-752B89660100', '775714D5-FD55-4C32-B08C-973E10C6680D');
INSERT INTO TB_FEEDBACKPROFISSIONAL (FEEDBACKPROFISSIONAL_ID, AVALIACAOEFICACIA, AVALIACAOSEVERIDADE, COMENTARIO, DATA_ALTERACAO, DATA_CRIACAO, PROFISSIONAL_PROFISSIONAL_ID, TRIAGEM_TRIAGEM_ID) VALUES('00242DEC-D95C-4E55-A4DD-9DF5B9B28A95', 4, 3, 'COMENTARIO EXEMPLO 6', '2025-02-10', '2025-02-10', '50587B7D-3CE1-4062-8413-0A2237E0C0CC', '7B9A2CC7-CABA-4BB4-A599-D2E83D167374');
INSERT INTO TB_FEEDBACKPROFISSIONAL (FEEDBACKPROFISSIONAL_ID, AVALIACAOEFICACIA, AVALIACAOSEVERIDADE, COMENTARIO, DATA_ALTERACAO, DATA_CRIACAO, PROFISSIONAL_PROFISSIONAL_ID, TRIAGEM_TRIAGEM_ID) VALUES('EB65566E-30A1-4802-898D-B1E22D9F9D41', 2, 5, 'COMENTARIO EXEMPLO 7', '2025-02-11', '2025-02-11', '505F49F7-2762-4D51-A4BE-6A944C28D652', '868EFB7E-B6D9-4E29-8096-64182925ACE2');
INSERT INTO TB_FEEDBACKPROFISSIONAL (FEEDBACKPROFISSIONAL_ID, AVALIACAOEFICACIA, AVALIACAOSEVERIDADE, COMENTARIO, DATA_ALTERACAO, DATA_CRIACAO, PROFISSIONAL_PROFISSIONAL_ID, TRIAGEM_TRIAGEM_ID) VALUES('AC55CB90-ADD4-457E-BB19-A0E187AC48D4', 3, 1, 'COMENTARIO EXEMPLO 8', '2025-02-12', '2025-02-12', '56B64AFF-A332-4C13-AEA8-F970D37390CE', '894414C2-42B7-43D5-BF23-868F17366ACD');
INSERT INTO TB_FEEDBACKPROFISSIONAL (FEEDBACKPROFISSIONAL_ID, AVALIACAOEFICACIA, AVALIACAOSEVERIDADE, COMENTARIO, DATA_ALTERACAO, DATA_CRIACAO, PROFISSIONAL_PROFISSIONAL_ID, TRIAGEM_TRIAGEM_ID) VALUES('2F50A5BC-1512-425D-BAE3-140D5C3DB808', 5, 4, 'COMENTARIO EXEMPLO 9', '2025-02-13', '2025-02-13', '5882CA3D-6BED-4F3B-B338-E7C0A0F80098', '98C8CFE3-558E-4C22-A712-306129DE2AC2');
INSERT INTO TB_FEEDBACKPROFISSIONAL (FEEDBACKPROFISSIONAL_ID, AVALIACAOEFICACIA, AVALIACAOSEVERIDADE, COMENTARIO, DATA_ALTERACAO, DATA_CRIACAO, PROFISSIONAL_PROFISSIONAL_ID, TRIAGEM_TRIAGEM_ID) VALUES('41D37E3F-F8B7-40A9-A2F5-2D261C2C3D08', 1, 2, 'COMENTARIO EXEMPLO 10', '2025-02-14', '2025-02-14', '58B4E98D-13AF-44E8-9357-F3301F17EEF6', 'A1F1A6BA-FD49-4C9B-ADAA-B4B638DD9CA4');
